country,state,brewery_type,brewery_count,unique_cities,avg_latitude,avg_longitude,pct_with_coordinates,pct_with_address,aggregation_date
Australia,ACT,micro,14,3,-35.2887,149.1522,100.0,100.0,2025-10-20
Australia,NSW,micro,282,88,-33.063,151.2126,100.0,98.58,2025-10-20
Australia,NSW,large,6,3,-32.1463,150.2275,100.0,100.0,2025-10-20
Australia,NT,micro,6,3,-16.2993,132.0631,100.0,100.0,2025-10-20
Australia,QLD,micro,158,59,-26.1034,152.1311,100.0,100.0,2025-10-20
Australia,QLD,large,4,2,-27.7977,153.2586,100.0,100.0,2025-10-20
Australia,SA,micro,86,34,-35.0185,138.6701,100.0,95.35,2025-10-20
Australia,SA,large,8,4,-35.0458,138.5554,100.0,100.0,2025-10-20
Australia,TAS,micro,48,20,-42.0742,147.1257,100.0,100.0,2025-10-20
Australia,TAS,large,4,2,-42.1639,147.2159,100.0,100.0,2025-10-20
Australia,VIC,micro,302,86,-37.7412,145.027,100.0,99.34,2025-10-20
Australia,VIC,large,16,6,-37.9103,144.8279,100.0,87.5,2025-10-20
Australia,VIC,regional,2,1,-37.8286,144.9371,100.0,100.0,2025-10-20
Australia,WA,micro,86,38,-31.7789,115.7887,100.0,97.67,2025-10-20
Australia,WA,large,6,3,-31.9017,115.9323,100.0,100.0,2025-10-20
Austria,K%C3%A4rnten,large,4,2,46.6292,14.0692,100.0,100.0,2025-10-20
Austria,K%C3%A4rnten,nano,2,1,46.8399,14.356,100.0,100.0,2025-10-20
Austria,Niedersterreich,large,4,2,48.1411,15.8095,100.0,100.0,2025-10-20
Austria,Ober%C3%B6sterreich,large,2,1,48.0368,13.504,100.0,100.0,2025-10-20
Austria,Ober%C3%B6sterreich,nano,2,1,48.4986,13.7346,100.0,100.0,2025-10-20
Austria,Salzburg,large,2,1,47.7941,13.0203,100.0,100.0,2025-10-20
Austria,Steiermark,large,8,4,47.2234,14.594,100.0,100.0,2025-10-20
Austria,Steiermark,bar,4,2,47.0976,15.5481,100.0,100.0,2025-10-20
Austria,Steiermark,brewpub,2,1,46.9129,15.4552,100.0,100.0,2025-10-20
England,East%20Sussex,micro,42,13,50.9125,0.1028,100.0,100.0,2025-10-20
England,East%20Sussex,brewpub,10,4,50.8207,0.0872,100.0,100.0,2025-10-20
England,East%20Sussex,taproom,8,3,50.8874,0.1468,100.0,100.0,2025-10-20
England,East%20Sussex,large,2,1,50.8742,0.0175,100.0,100.0,2025-10-20
England,West%20Sussex,micro,38,11,50.9441,-0.3602,100.0,100.0,2025-10-20
England,West%20Sussex,taproom,14,4,51.0097,-0.34,100.0,100.0,2025-10-20
England,West%20Sussex,brewpub,10,5,50.9014,-0.4281,100.0,100.0,2025-10-20
France,Bouche%20du%20Rh%C3%B4ne,micro,6,2,43.3399,5.3386,100.0,100.0,2025-10-20
Germany,Berlin,bar,10,1,13.4109,52.5123,100.0,100.0,2025-10-20
Germany,Berlin,beergarden,6,1,13.3952,52.5082,100.0,100.0,2025-10-20
Germany,Berlin,large,4,1,13.4169,52.4995,100.0,100.0,2025-10-20
Ireland,Carlow,micro,2,1,52.6966,-6.9784,100.0,100.0,2025-10-20
Ireland,Clare,brewpub,2,1,53.0284,-9.2928,100.0,100.0,2025-10-20
Ireland,Cork,micro,10,5,51.9555,-8.4567,100.0,100.0,2025-10-20
Ireland,Cork,brewpub,6,3,51.767,-8.7602,100.0,100.0,2025-10-20
Ireland,Cork,large,4,1,51.9037,-8.4751,100.0,100.0,2025-10-20
Ireland,Cork,regional,2,1,51.9006,-8.4755,100.0,100.0,2025-10-20
Ireland,Donegal,micro,6,3,54.9609,-7.5459,100.0,100.0,2025-10-20
Ireland,Donegal,regional,2,1,54.4977,-8.2142,100.0,100.0,2025-10-20
Ireland,Dublin,micro,20,4,53.346,-6.296,100.0,100.0,2025-10-20
Ireland,Dublin,brewpub,6,3,53.3326,-6.2966,100.0,100.0,2025-10-20
Ireland,Dublin,regional,4,1,53.3334,-6.3083,100.0,100.0,2025-10-20
Ireland,Dublin,large,2,1,53.3419,-6.2867,100.0,100.0,2025-10-20
Ireland,Galway,regional,4,1,53.2817,-8.9291,100.0,100.0,2025-10-20
Ireland,Galway,micro,2,1,53.4871,-10.0204,100.0,100.0,2025-10-20
Ireland,Kerry,micro,4,1,52.0973,-9.5329,100.0,100.0,2025-10-20
Ireland,Kerry,brewpub,2,1,52.1698,-10.3933,100.0,100.0,2025-10-20
Ireland,Kildare,micro,6,3,53.2809,-6.5774,100.0,100.0,2025-10-20
Ireland,Kilkenny,regional,4,1,52.6536,-7.2537,100.0,100.0,2025-10-20
Ireland,Kilkenny,micro,2,1,52.6543,-7.2312,100.0,100.0,2025-10-20
Ireland,Laois,micro,4,2,52.9337,-7.0473,100.0,100.0,2025-10-20
Ireland,Limerick,micro,4,1,52.6658,-8.6262,100.0,100.0,2025-10-20
Ireland,Longford,micro,2,1,53.7336,-7.7844,100.0,100.0,2025-10-20
Ireland,Louth,micro,2,1,53.994,-6.224,100.0,100.0,2025-10-20
Ireland,Mayo,micro,4,2,53.924,0.2089,100.0,100.0,2025-10-20
Ireland,Meath,micro,2,1,53.5661,-6.7949,100.0,100.0,2025-10-20
Ireland,Monaghan,micro,2,1,53.9807,-6.6356,100.0,100.0,2025-10-20
Ireland,Offaly,micro,4,2,53.1422,-7.8567,100.0,100.0,2025-10-20
Ireland,Roscommon,micro,2,1,53.7446,-8.6404,100.0,100.0,2025-10-20
Ireland,Sligo,micro,4,2,54.1781,-8.4911,100.0,100.0,2025-10-20
Ireland,Tipperary,micro,4,2,52.9204,-7.973,100.0,100.0,2025-10-20
Ireland,Waterford,micro,4,2,52.1762,-7.3817,100.0,100.0,2025-10-20
Ireland,Westmeath,brewpub,2,1,53.4237,-7.9429,100.0,100.0,2025-10-20
Ireland,Wexford,micro,4,1,52.3271,-6.5081,100.0,100.0,2025-10-20
Ireland,Wicklow,micro,4,2,52.994,-6.1057,100.0,100.0,2025-10-20
Ireland,Wicklow,regional,2,1,53.0842,-6.111,100.0,100.0,2025-10-20
Isle%20of%20Man,Middle,micro,4,2,54.1399,-4.5322,100.0,100.0,2025-10-20
Italy,Bolzano,large,2,1,11.1175,46.6775,100.0,100.0,2025-10-20
Italy,Bolzano,micro,2,1,11.5646,46.6406,100.0,100.0,2025-10-20
Italy,Bolzano,nano,2,1,11.2159,46.2434,100.0,100.0,2025-10-20
Italy,Bolzano,regional,2,1,11.3574,46.5019,100.0,100.0,2025-10-20
Japan,Osaka,brewpub,12,2,34.7111,135.4919,100.0,100.0,2025-10-20
Japan,Osaka,micro,8,3,34.7663,135.5424,100.0,100.0,2025-10-20
Poland,dolno%C5%9Bl%C4%85skie,micro,40,20,50.9502,16.6369,100.0,100.0,2025-10-20
Poland,dolno%C5%9Bl%C4%85skie,brewpub,22,8,51.0661,16.6833,100.0,100.0,2025-10-20
Poland,dolno%C5%9Bl%C4%85skie,regional,6,2,51.1237,16.5794,100.0,100.0,2025-10-20
Portugal,Aveiro,brewpub,2,1,-8.4343,40.8413,100.0,100.0,2025-10-20
Portugal,Aveiro,micro,2,1,,,0.0,100.0,2025-10-20
Portugal,Beja,brewpub,2,1,38.0099,-7.8538,100.0,100.0,2025-10-20
Portugal,Coimbra,brewpub,2,1,40.1948,-8.4327,100.0,100.0,2025-10-20
Portugal,Faro,micro,2,1,37.0656,-7.973,100.0,100.0,2025-10-20
Portugal,Leiria,brewpub,2,1,-8.7216,39.8286,100.0,100.0,2025-10-20
Portugal,Lisboa,micro,6,3,38.8263,-9.2993,100.0,100.0,2025-10-20
Portugal,Lisboa,brewpub,4,2,38.7089,-9.2709,100.0,100.0,2025-10-20
Portugal,Portalegre,micro,2,1,39.4377,-7.3377,100.0,100.0,2025-10-20
Portugal,Porto,brewpub,2,1,41.1481,-8.6082,100.0,100.0,2025-10-20
Portugal,Porto,micro,2,1,41.1708,-8.6452,100.0,100.0,2025-10-20
Scotland,Argyll,micro,8,4,56.1364,-5.7244,100.0,100.0,2025-10-20
Scotland,Bute,closed,2,1,55.8354,-5.0585,100.0,100.0,2025-10-20
Scotland,East%20Dunbartonshire,micro,2,1,55.9409,-4.3132,100.0,100.0,2025-10-20
Scotland,West%20Dunbartonshire,micro,8,3,55.9787,-4.5468,100.0,100.0,2025-10-20
Singapore,Singapore,bar,56,1,100.2475,4.9694,100.0,100.0,2025-10-20
Singapore,Singapore,brewpub,8,1,78.253,26.9417,100.0,100.0,2025-10-20
Singapore,Singapore,large,2,1,103.6478,1.3365,100.0,100.0,2025-10-20
South%20Korea,Busan,brewpub,16,6,35.1974,129.1335,100.0,100.0,2025-10-20
South%20Korea,Busan,micro,2,1,35.2081,128.9441,100.0,100.0,2025-10-20
South%20Korea,Chungcheongbukdo,brewpub,2,1,36.9676,127.9248,100.0,100.0,2025-10-20
South%20Korea,Chungcheongnamdo,micro,4,2,36.6279,126.7627,100.0,100.0,2025-10-20
South%20Korea,Chungcheongnamdo,brewpub,2,1,36.8306,126.7072,100.0,100.0,2025-10-20
South%20Korea,Daejeon,brewpub,2,1,36.3115,127.3578,100.0,100.0,2025-10-20
South%20Korea,Deagu,brewpub,2,1,35.8608,128.6065,100.0,100.0,2025-10-20
South%20Korea,Gangwondo,brewpub,14,5,37.7402,128.3821,100.0,100.0,2025-10-20
South%20Korea,Gwangju,brewpub,2,1,35.2153,126.8492,100.0,100.0,2025-10-20
South%20Korea,Gyeonggido,brewpub,16,8,37.5625,127.1179,100.0,100.0,2025-10-20
South%20Korea,Gyeonggido,micro,2,1,37.7092,127.1616,100.0,100.0,2025-10-20
South%20Korea,Gyeongsangbukdo,brewpub,4,2,36.5893,128.4436,100.0,100.0,2025-10-20
South%20Korea,Gyeongsangbukdo,micro,2,1,36.6034,128.5338,100.0,100.0,2025-10-20
South%20Korea,Gyeongsangnamdo,brewpub,6,3,34.9309,128.346,100.0,100.0,2025-10-20
South%20Korea,Incheon,brewpub,4,2,37.4446,126.6487,100.0,100.0,2025-10-20
South%20Korea,Jejudo,brewpub,6,2,33.3326,126.5772,100.0,100.0,2025-10-20
South%20Korea,Jeollabukdo,brewpub,6,2,35.7721,127.3014,100.0,100.0,2025-10-20
South%20Korea,Jeollanamdo,brewpub,2,1,34.9474,127.4987,100.0,100.0,2025-10-20
South%20Korea,Seoul,brewpub,28,11,37.5337,126.986,100.0,100.0,2025-10-20
Sweden,Blekinge,micro,12,3,56.1767,15.4752,100.0,100.0,2025-10-20
Sweden,Halland,micro,8,3,,,0.0,100.0,2025-10-20
United%20States,Alabama,micro,64,17,33.6421,-86.9812,78.12,100.0,2025-10-20
United%20States,Alabama,planning,16,7,33.0729,-86.9451,100.0,0.0,2025-10-20
United%20States,Alabama,brewpub,8,3,34.3743,-86.3346,75.0,100.0,2025-10-20
United%20States,Alabama,contract,2,1,30.6847,-88.0513,100.0,100.0,2025-10-20
United%20States,Alaska,micro,58,20,60.5504,-145.8733,100.0,100.0,2025-10-20
United%20States,Alaska,brewpub,28,8,60.8975,-146.6345,100.0,100.0,2025-10-20
United%20States,Alaska,closed,8,4,58.8977,-141.3517,100.0,75.0,2025-10-20
United%20States,Alaska,planning,4,2,61.1731,-148.1221,100.0,0.0,2025-10-20
United%20States,Alaska,contract,2,1,61.2165,-149.8939,100.0,100.0,2025-10-20
United%20States,Alaska,regional,2,1,58.3568,-134.4919,100.0,100.0,2025-10-20
United%20States,Arizona,micro,118,24,33.3001,-111.6755,59.32,98.31,2025-10-20
United%20States,Arizona,brewpub,92,22,33.6552,-112.1477,52.17,100.0,2025-10-20
United%20States,Arizona,planning,26,7,33.5554,-111.9516,100.0,0.0,2025-10-20
United%20States,Arizona,contract,8,2,33.4793,-111.9457,75.0,100.0,2025-10-20
United%20States,Arizona,large,4,1,33.4029,-111.9447,50.0,100.0,2025-10-20
United%20States,Arizona,regional,2,1,33.3032,-111.8423,100.0,100.0,2025-10-20
United%20States,Arkansas,micro,44,12,35.5062,-93.1886,72.73,100.0,2025-10-20
United%20States,Arkansas,brewpub,36,10,35.4523,-93.0398,61.11,100.0,2025-10-20
United%20States,Arkansas,planning,8,4,36.2625,-94.0365,100.0,0.0,2025-10-20
United%20States,Arkansas,contract,2,1,36.0662,-94.1621,100.0,100.0,2025-10-20
United%20States,California,micro,932,204,35.5997,-119.4799,100.0,98.07,2025-10-20
United%20States,California,brewpub,508,145,36.0997,-120.0649,99.21,100.0,2025-10-20
United%20States,California,planning,128,51,35.5475,-119.5111,100.0,0.0,2025-10-20
United%20States,California,closed,102,38,35.2263,-119.168,100.0,100.0,2025-10-20
United%20States,California,regional,58,21,36.0107,-120.1784,100.0,100.0,2025-10-20
United%20States,California,contract,54,21,36.1566,-120.52,92.59,81.48,2025-10-20
United%20States,California,large,30,10,34.6434,-118.9039,100.0,100.0,2025-10-20
United%20States,California,proprietor,26,11,36.2697,-120.4441,100.0,84.62,2025-10-20
United%20States,Colorado,micro,456,69,39.6791,-105.2153,59.21,99.56,2025-10-20
United%20States,Colorado,brewpub,282,71,39.2225,-105.9458,75.18,100.0,2025-10-20
United%20States,Colorado,planning,78,22,39.3179,-104.9754,15.38,2.56,2025-10-20
United%20States,Colorado,regional,22,6,40.0833,-105.0578,72.73,100.0,2025-10-20
United%20States,Colorado,closed,18,7,39.7053,-104.9281,33.33,100.0,2025-10-20
United%20States,Colorado,contract,18,7,39.824,-105.0297,77.78,100.0,2025-10-20
United%20States,Colorado,large,14,5,39.8571,-105.2035,85.71,100.0,2025-10-20
United%20States,Colorado,proprietor,8,3,39.7614,-104.984,25.0,100.0,2025-10-20
United%20States,Connecticut,micro,82,37,41.5691,-72.8035,56.1,95.12,2025-10-20
United%20States,Connecticut,closed,44,19,41.4358,-72.7174,36.36,77.27,2025-10-20
United%20States,Connecticut,planning,30,15,,,0.0,0.0,2025-10-20
United%20States,Connecticut,brewpub,20,10,41.5267,-72.7937,100.0,100.0,2025-10-20
United%20States,Connecticut,contract,10,5,41.374,-73.0636,80.0,80.0,2025-10-20
United%20States,Connecticut,regional,2,1,41.1844,-73.1512,100.0,100.0,2025-10-20
United%20States,Delaware,brewpub,28,9,39.1845,-75.3598,71.43,100.0,2025-10-20
United%20States,Delaware,micro,20,8,39.085,-75.5432,40.0,100.0,2025-10-20
United%20States,Delaware,planning,4,2,,,0.0,0.0,2025-10-20
United%20States,Delaware,large,2,1,,,0.0,100.0,2025-10-20
United%20States,Delaware,regional,2,1,38.7669,-75.3116,100.0,100.0,2025-10-20
United%20States,District%20of%20Columbia,brewpub,12,1,38.8978,-77.0092,100.0,100.0,2025-10-20
United%20States,District%20of%20Columbia,micro,10,1,38.9196,-77.0017,60.0,100.0,2025-10-20
United%20States,District%20of%20Columbia,contract,4,1,38.8977,-77.0088,100.0,100.0,2025-10-20
United%20States,District%20of%20Columbia,planning,4,1,,,0.0,0.0,2025-10-20
United%20States,District%20of%20Columbia,regional,2,1,,,0.0,100.0,2025-10-20
United%20States,Florida,micro,380,88,28.1073,-82.0002,58.95,99.47,2025-10-20
United%20States,Florida,brewpub,130,45,28.3804,-81.9926,63.08,100.0,2025-10-20
United%20States,Florida,planning,76,27,,,0.0,0.0,2025-10-20
United%20States,Florida,contract,12,5,27.4939,-82.1763,66.67,100.0,2025-10-20
United%20States,Florida,regional,10,4,28.1351,-81.8488,60.0,100.0,2025-10-20
United%20States,Florida,large,8,4,27.5323,-80.6416,75.0,100.0,2025-10-20
United%20States,Florida,proprietor,8,4,27.0808,-80.8076,75.0,100.0,2025-10-20
United%20States,Georgia,micro,94,28,33.5929,-84.003,68.09,100.0,2025-10-20
United%20States,Georgia,brewpub,50,16,33.7398,-84.1489,60.0,100.0,2025-10-20
United%20States,Georgia,planning,38,16,,,0.0,0.0,2025-10-20
United%20States,Georgia,large,6,3,32.787,-83.7399,66.67,100.0,2025-10-20
United%20States,Georgia,regional,6,2,33.8836,-83.8806,66.67,100.0,2025-10-20
United%20States,Georgia,contract,4,1,,,0.0,100.0,2025-10-20
United%20States,Georgia,proprietor,2,1,32.8282,-83.6303,100.0,100.0,2025-10-20
United%20States,Hawaii,brewpub,24,7,21.2278,-157.7336,100.0,100.0,2025-10-20
United%20States,Hawaii,micro,14,6,20.7995,-156.9922,100.0,100.0,2025-10-20
United%20States,Hawaii,closed,6,2,20.7704,-156.9299,100.0,100.0,2025-10-20
United%20States,Hawaii,regional,2,1,19.6431,-155.9977,100.0,100.0,2025-10-20
United%20States,Idaho,micro,72,19,44.8803,-116.0264,100.0,100.0,2025-10-20
United%20States,Idaho,brewpub,46,15,44.9819,-115.2015,95.65,100.0,2025-10-20
United%20States,Idaho,closed,10,5,44.9236,-115.2177,60.0,80.0,2025-10-20
United%20States,Idaho,contract,2,1,47.7725,-116.8105,100.0,100.0,2025-10-20
United%20States,Idaho,large,2,1,43.6185,-116.2029,100.0,100.0,2025-10-20
United%20States,Idaho,proprietor,2,1,47.7251,-116.7874,100.0,100.0,2025-10-20
United%20States,Illinois,micro,246,78,41.2325,-88.4553,68.29,97.56,2025-10-20
United%20States,Illinois,brewpub,176,62,41.3429,-88.4223,75.0,100.0,2025-10-20
United%20States,Illinois,planning,46,18,,,0.0,0.0,2025-10-20
United%20States,Illinois,contract,22,6,41.8875,-87.7835,36.36,90.91,2025-10-20
United%20States,Illinois,proprietor,10,3,41.9625,-87.8072,60.0,100.0,2025-10-20
United%20States,Illinois,large,8,2,41.8727,-87.6827,50.0,100.0,2025-10-20
United%20States,Illinois,regional,6,2,41.9441,-87.6948,66.67,100.0,2025-10-20
United%20States,Indiana,brewpub,152,41,40.1516,-86.3798,61.84,100.0,2025-10-20
United%20States,Indiana,micro,120,38,40.264,-86.3642,61.67,100.0,2025-10-20
United%20States,Indiana,planning,40,18,,,0.0,0.0,2025-10-20
United%20States,Indiana,regional,6,3,39.4915,-86.3412,66.67,100.0,2025-10-20
United%20States,Indiana,contract,4,2,39.2956,-85.2161,50.0,100.0,2025-10-20
United%20States,Indiana,proprietor,2,1,,,0.0,100.0,2025-10-20
United%20States,Iowa,micro,112,42,42.1479,-93.0014,100.0,100.0,2025-10-20
United%20States,Iowa,brewpub,64,22,41.7785,-92.1851,96.88,100.0,2025-10-20
United%20States,Iowa,closed,4,2,41.8688,-93.6162,100.0,100.0,2025-10-20
United%20States,Iowa,contract,2,1,41.4335,-91.0294,100.0,100.0,2025-10-20
United%20States,Kansas,brewpub,40,13,38.6038,-96.6236,85.0,100.0,2025-10-20
United%20States,Kansas,micro,36,12,38.3751,-96.563,72.22,94.44,2025-10-20
United%20States,Kansas,planning,14,7,,,0.0,0.0,2025-10-20
United%20States,Kansas,proprietor,2,1,,,0.0,100.0,2025-10-20
United%20States,Kansas,regional,2,1,39.1429,-96.6793,100.0,100.0,2025-10-20
United%20States,Kentucky,micro,82,20,38.1458,-85.0719,85.37,100.0,2025-10-20
United%20States,Kentucky,brewpub,24,6,38.0414,-85.6023,91.67,100.0,2025-10-20
United%20States,Kentucky,planning,6,3,,,0.0,0.0,2025-10-20
United%20States,Kentucky,contract,2,1,38.2019,-85.7347,100.0,100.0,2025-10-20
United%20States,Kentucky,regional,2,1,38.0495,-84.516,100.0,100.0,2025-10-20
United%20States,Louisiana,micro,54,16,30.7207,-91.3407,85.19,100.0,2025-10-20
United%20States,Louisiana,closed,12,5,30.4188,-90.0805,33.33,83.33,2025-10-20
United%20States,Louisiana,brewpub,10,4,30.6303,-91.1112,100.0,100.0,2025-10-20
United%20States,Louisiana,planning,10,5,,,0.0,0.0,2025-10-20
United%20States,Louisiana,regional,2,1,30.482,-90.0565,100.0,100.0,2025-10-20
United%20States,Maine,micro,140,47,43.9902,-69.7605,54.29,100.0,2025-10-20
United%20States,Maine,brewpub,62,26,44.3694,-69.4239,74.19,100.0,2025-10-20
United%20States,Maine,planning,14,7,,,0.0,0.0,2025-10-20
United%20States,Maine,regional,6,2,43.8201,-70.2621,100.0,100.0,2025-10-20
United%20States,Maine,contract,4,2,44.4309,-68.988,50.0,100.0,2025-10-20
United%20States,Maine,proprietor,2,1,43.6624,-70.2645,100.0,100.0,2025-10-20
United%20States,Maryland,micro,104,35,39.1644,-76.6641,46.15,96.15,2025-10-20
United%20States,Maryland,brewpub,52,17,39.0409,-76.5551,73.08,100.0,2025-10-20
United%20States,Maryland,planning,36,14,,,0.0,0.0,2025-10-20
United%20States,Maryland,contract,12,5,39.2841,-76.5673,16.67,100.0,2025-10-20
United%20States,Maryland,regional,8,3,38.8624,-76.511,50.0,100.0,2025-10-20
United%20States,Maryland,proprietor,4,2,38.5702,-76.0775,50.0,50.0,2025-10-20
United%20States,Maryland,large,2,1,39.2223,-76.6984,100.0,100.0,2025-10-20
United%20States,Massachusetts,micro,186,73,42.2684,-71.4952,62.37,95.7,2025-10-20
United%20States,Massachusetts,brewpub,68,29,42.3207,-71.3945,76.47,100.0,2025-10-20
United%20States,Massachusetts,planning,32,16,,,0.0,0.0,2025-10-20
United%20States,Massachusetts,regional,24,10,42.3607,-71.423,91.67,100.0,2025-10-20
United%20States,Massachusetts,contract,14,7,42.2809,-72.1747,85.71,85.71,2025-10-20
United%20States,Massachusetts,proprietor,4,2,42.2436,-70.8862,50.0,100.0,2025-10-20
United%20States,Michigan,brewpub,398,134,43.1263,-84.8074,78.39,100.0,2025-10-20
United%20States,Michigan,micro,286,94,43.1956,-85.0636,74.83,99.3,2025-10-20
United%20States,Michigan,planning,42,20,,,0.0,0.0,2025-10-20
United%20States,Michigan,regional,18,6,42.6903,-84.7179,55.56,100.0,2025-10-20
United%20States,Michigan,contract,6,3,42.1701,-84.9696,66.67,100.0,2025-10-20
United%20States,Minnesota,micro,222,67,45.1891,-93.5948,69.37,98.2,2025-10-20
United%20States,Minnesota,brewpub,88,29,45.5354,-93.2723,86.36,100.0,2025-10-20
United%20States,Minnesota,planning,26,11,,,0.0,0.0,2025-10-20
United%20States,Minnesota,regional,16,6,45.4459,-93.2563,62.5,100.0,2025-10-20
United%20States,Minnesota,contract,10,3,44.6345,-93.0104,60.0,100.0,2025-10-20
United%20States,Minnesota,proprietor,4,2,44.9462,-93.2093,100.0,100.0,2025-10-20
United%20States,Mississippi,micro,26,13,31.907,-89.4701,84.62,100.0,2025-10-20
United%20States,Mississippi,brewpub,4,2,32.3493,-90.8822,50.0,100.0,2025-10-20
United%20States,Mississippi,contract,2,1,32.4001,-88.701,100.0,100.0,2025-10-20
United%20States,Mississippi,planning,2,1,,,0.0,0.0,2025-10-20
United%20States,Montana,micro,122,35,46.7379,-111.1695,67.21,98.36,2025-10-20
United%20States,Montana,brewpub,34,12,46.5966,-111.2463,82.35,100.0,2025-10-20
United%20States,Montana,planning,20,7,,,0.0,0.0,2025-10-20
United%20States,Montana,contract,4,2,,,0.0,100.0,2025-10-20
United%20States,Montana,regional,4,2,46.9224,-114.073,50.0,100.0,2025-10-20
United%20States,Nebraska,micro,70,21,41.1063,-97.6367,100.0,100.0,2025-10-20
United%20States,Nebraska,brewpub,42,13,41.1377,-97.6902,100.0,100.0,2025-10-20
United%20States,Nebraska,planning,8,3,,,0.0,0.0,2025-10-20
United%20States,Nebraska,closed,4,2,40.8148,-96.6977,50.0,100.0,2025-10-20
United%20States,Nevada,micro,44,7,38.561,-118.5259,50.0,100.0,2025-10-20
United%20States,Nevada,brewpub,40,9,38.4743,-118.4187,80.0,100.0,2025-10-20
United%20States,Nevada,planning,10,3,,,0.0,0.0,2025-10-20
United%20States,Nevada,contract,6,2,,,0.0,100.0,2025-10-20
United%20States,Nevada,bar,2,1,40.8364,-115.7934,100.0,100.0,2025-10-20
United%20States,New%20Hampshire,micro,86,32,43.1824,-71.594,55.81,100.0,2025-10-20
United%20States,New%20Hampshire,brewpub,80,27,43.4295,-71.4051,27.5,100.0,2025-10-20
United%20States,New%20Hampshire,closed,40,18,43.1599,-71.5602,80.0,95.0,2025-10-20
United%20States,New%20Hampshire,planning,14,7,,,0.0,14.29,2025-10-20
United%20States,New%20Hampshire,large,2,1,42.8254,-71.486,100.0,100.0,2025-10-20
United%20States,New%20Hampshire,nano,2,1,,,0.0,100.0,2025-10-20
United%20States,New%20Hampshire,regional,2,1,42.9455,-70.8535,100.0,100.0,2025-10-20
United%20States,New%20Jersey,micro,158,66,40.0647,-74.6214,54.43,100.0,2025-10-20
United%20States,New%20Jersey,brewpub,32,16,40.3775,-74.5734,75.0,100.0,2025-10-20
United%20States,New%20Jersey,planning,28,14,,,0.0,0.0,2025-10-20
United%20States,New%20Jersey,contract,8,4,40.8391,-74.1208,50.0,100.0,2025-10-20
United%20States,New%20Jersey,large,2,1,,,0.0,100.0,2025-10-20
United%20States,New%20Jersey,regional,2,1,39.8539,-75.0209,100.0,100.0,2025-10-20
United%20States,New%20Mexico,brewpub,88,20,34.8051,-106.1193,68.18,100.0,2025-10-20
United%20States,New%20Mexico,micro,60,14,35.167,-106.1586,60.0,100.0,2025-10-20
United%20States,New%20Mexico,planning,10,3,,,0.0,0.0,2025-10-20
United%20States,New%20Mexico,regional,4,2,35.3447,-106.3492,100.0,100.0,2025-10-20
United%20States,New%20Mexico,contract,2,1,32.302,-106.7374,100.0,100.0,2025-10-20
United%20States,New%20Mexico,proprietor,2,1,36.8214,-107.995,100.0,100.0,2025-10-20
United%20States,New%20York,micro,452,156,42.1298,-75.191,59.73,97.35,2025-10-20
United%20States,New%20York,brewpub,222,78,42.4557,-75.7071,68.47,100.0,2025-10-20
United%20States,New%20York,planning,74,32,,,0.0,0.0,2025-10-20
United%20States,New%20York,contract,44,13,41.544,-75.1372,31.82,86.36,2025-10-20
United%20States,New%20York,proprietor,20,10,42.3591,-75.2846,60.0,90.0,2025-10-20
United%20States,New%20York,regional,18,7,41.9014,-74.9276,66.67,100.0,2025-10-20
United%20States,New%20York,large,8,3,41.5636,-74.1181,75.0,100.0,2025-10-20
United%20States,North%20Carolina,micro,360,89,35.5022,-80.0206,65.56,98.33,2025-10-20
United%20States,North%20Carolina,brewpub,146,43,35.5291,-80.3355,71.23,98.63,2025-10-20
United%20States,North%20Carolina,planning,58,23,,,0.0,0.0,2025-10-20
United%20States,North%20Carolina,regional,26,11,35.6379,-80.6949,69.23,100.0,2025-10-20
United%20States,North%20Carolina,contract,10,5,36.0993,-79.2703,20.0,100.0,2025-10-20
United%20States,North%20Carolina,large,8,3,35.5088,-82.5337,75.0,100.0,2025-10-20
United%20States,North%20Carolina,proprietor,6,3,35.7561,-80.7323,66.67,100.0,2025-10-20
United%20States,North%20Dakota,micro,24,7,47.0666,-99.4056,100.0,100.0,2025-10-20
United%20States,North%20Dakota,brewpub,16,6,47.424,-99.9758,100.0,100.0,2025-10-20
United%20States,North%20Dakota,closed,6,3,46.8198,-98.8353,66.67,100.0,2025-10-20
United%20States,North%20Dakota,nano,4,2,47.4291,-97.5289,100.0,100.0,2025-10-20
United%20States,North%20Dakota,bar,2,1,46.8749,-96.7889,100.0,100.0,2025-10-20
United%20States,Ohio,micro,326,91,40.2613,-82.9117,76.07,99.39,2025-10-20
United%20States,Ohio,brewpub,188,55,40.6692,-82.6065,82.98,100.0,2025-10-20
United%20States,Ohio,planning,52,22,,,0.0,0.0,2025-10-20
United%20States,Ohio,regional,18,4,39.8274,-83.6103,88.89,88.89,2025-10-20
United%20States,Ohio,contract,14,6,41.0599,-81.9799,57.14,85.71,2025-10-20
United%20States,Ohio,large,4,2,39.7795,-83.738,100.0,100.0,2025-10-20
United%20States,Ohio,closed,2,1,39.9704,-83.0041,100.0,100.0,2025-10-20
United%20States,Ohio,proprietor,2,1,,,0.0,100.0,2025-10-20
United%20States,Oklahoma,micro,60,10,35.7067,-96.5494,100.0,100.0,2025-10-20
United%20States,Oklahoma,brewpub,10,3,35.1861,-97.2879,100.0,100.0,2025-10-20
United%20States,Oklahoma,contract,8,2,35.811,-96.7764,100.0,100.0,2025-10-20
United%20States,Oklahoma,planning,8,4,34.1254,-96.2602,25.0,25.0,2025-10-20
United%20States,Oklahoma,closed,2,1,35.4384,-97.5203,100.0,100.0,2025-10-20
United%20States,Oregon,micro,284,50,44.8692,-122.4211,98.59,100.0,2025-10-20
United%20States,Oregon,brewpub,212,48,44.7826,-122.6524,100.0,100.0,2025-10-20
United%20States,Oregon,regional,26,8,45.0547,-122.5107,100.0,100.0,2025-10-20
United%20States,Oregon,planning,24,9,45.15,-122.7988,50.0,16.67,2025-10-20
United%20States,Oregon,closed,22,7,45.0019,-122.5421,100.0,100.0,2025-10-20
United%20States,Oregon,large,12,4,44.3171,-122.1207,100.0,100.0,2025-10-20
United%20States,Oregon,contract,6,2,44.44,-122.6904,100.0,100.0,2025-10-20
United%20States,Oregon,proprietor,4,2,45.661,-122.7225,100.0,100.0,2025-10-20
United%20States,Pennsylvania,brewpub,316,112,40.5694,-77.0509,65.82,99.37,2025-10-20
United%20States,Pennsylvania,micro,258,87,40.4535,-77.8046,58.91,100.0,2025-10-20
United%20States,Pennsylvania,planning,72,30,,,0.0,0.0,2025-10-20
United%20States,Pennsylvania,regional,26,12,40.5869,-76.4857,61.54,100.0,2025-10-20
United%20States,Pennsylvania,contract,12,5,40.7233,-78.6143,50.0,100.0,2025-10-20
United%20States,Pennsylvania,proprietor,4,2,40.3103,-75.1291,50.0,50.0,2025-10-20
United%20States,Pennsylvania,taproom,2,1,40.3382,-75.4717,100.0,100.0,2025-10-20
United%20States,Rhode%20Island,micro,40,15,41.678,-71.4462,100.0,100.0,2025-10-20
United%20States,Rhode%20Island,brewpub,18,7,41.9857,-71.1626,100.0,100.0,2025-10-20
United%20States,Rhode%20Island,proprietor,2,1,41.7898,-71.4717,100.0,100.0,2025-10-20
United%20States,Rhode%20Island,regional,2,1,41.8767,-71.3885,100.0,100.0,2025-10-20
United%20States,South%20Carolina,micro,76,17,33.4814,-80.6547,60.53,100.0,2025-10-20
United%20States,South%20Carolina,brewpub,58,19,34.0594,-81.0255,58.62,100.0,2025-10-20
United%20States,South%20Carolina,planning,16,7,,,0.0,0.0,2025-10-20
United%20States,South%20Carolina,regional,4,2,,,0.0,100.0,2025-10-20
United%20States,South%20Carolina,closed,2,1,32.7991,-80.0219,100.0,100.0,2025-10-20
United%20States,South%20Carolina,contract,2,1,32.8166,-79.9507,100.0,100.0,2025-10-20
United%20States,South%20Dakota,micro,48,13,43.8911,-99.8035,100.0,100.0,2025-10-20
United%20States,South%20Dakota,brewpub,30,9,43.8853,-99.5906,100.0,100.0,2025-10-20
United%20States,South%20Dakota,closed,4,2,44.4318,-100.9426,100.0,100.0,2025-10-20
United%20States,South%20Dakota,planning,4,2,44.0815,-103.2245,50.0,50.0,2025-10-20
United%20States,South%20Dakota,contract,2,1,44.489,-103.8648,100.0,100.0,2025-10-20
United%20States,South%20Dakota,proprietor,2,1,43.4994,-96.6733,100.0,100.0,2025-10-20
United%20States,Tennessee,micro,118,23,35.8711,-86.2343,77.97,100.0,2025-10-20
United%20States,Tennessee,brewpub,52,11,35.8229,-85.4495,88.46,100.0,2025-10-20
United%20States,Tennessee,planning,40,14,,,0.0,0.0,2025-10-20
United%20States,Tennessee,proprietor,4,2,,,0.0,0.0,2025-10-20
United%20States,Tennessee,regional,4,2,35.593,-88.3355,100.0,100.0,2025-10-20
United%20States,Tennessee,contract,2,1,36.1175,-86.8251,100.0,100.0,2025-10-20
United%20States,Tennessee,nano,2,1,35.121,-89.9907,100.0,100.0,2025-10-20
United%20States,Texas,micro,392,88,31.1054,-97.13,57.65,98.98,2025-10-20
United%20States,Texas,brewpub,154,46,31.1684,-97.5946,53.25,100.0,2025-10-20
United%20States,Texas,planning,112,35,,,0.0,0.0,2025-10-20
United%20States,Texas,regional,20,8,31.235,-97.186,80.0,100.0,2025-10-20
United%20States,Texas,contract,12,5,32.1778,-97.0637,50.0,100.0,2025-10-20
United%20States,Texas,large,8,3,30.7398,-96.0171,75.0,100.0,2025-10-20
United%20States,Texas,closed,4,1,29.4414,-98.4792,50.0,100.0,2025-10-20
United%20States,Texas,proprietor,2,1,,,0.0,100.0,2025-10-20
United%20States,Utah,micro,42,9,40.5179,-111.7636,100.0,100.0,2025-10-20
United%20States,Utah,brewpub,30,7,560813.7594,-111.7405,100.0,100.0,2025-10-20
United%20States,Utah,closed,8,4,40.7828,-111.9032,25.0,75.0,2025-10-20
United%20States,Utah,planning,6,3,,,0.0,0.0,2025-10-20
United%20States,Utah,regional,4,1,40.7326,-111.9268,100.0,100.0,2025-10-20
United%20States,Vermont,micro,68,29,44.2384,-72.9009,38.24,94.12,2025-10-20
United%20States,Vermont,brewpub,32,14,43.7906,-72.7819,62.5,100.0,2025-10-20
United%20States,Vermont,regional,14,7,44.1598,-73.0488,71.43,100.0,2025-10-20
United%20States,Vermont,planning,4,2,,,0.0,0.0,2025-10-20
United%20States,Virginia,micro,304,77,37.849,-77.9487,61.18,100.0,2025-10-20
United%20States,Virginia,brewpub,112,39,37.8192,-78.1561,58.93,100.0,2025-10-20
United%20States,Virginia,planning,68,25,,,0.0,5.88,2025-10-20
United%20States,Virginia,contract,10,5,38.4114,-76.9217,80.0,100.0,2025-10-20
United%20States,Virginia,large,10,5,37.6863,-78.4254,60.0,100.0,2025-10-20
United%20States,Virginia,regional,6,3,38.1661,-77.2581,66.67,100.0,2025-10-20
United%20States,Washington,micro,536,100,47.4334,-121.5004,96.64,98.13,2025-10-20
United%20States,Washington,brewpub,226,66,47.3752,-121.5863,100.0,100.0,2025-10-20
United%20States,Washington,closed,148,41,47.6003,-121.5388,64.86,91.89,2025-10-20
United%20States,Washington,regional,14,5,47.3749,-121.8184,100.0,100.0,2025-10-20
United%20States,Washington,nano,12,5,47.6185,-122.4294,83.33,83.33,2025-10-20
United%20States,Washington,planning,10,5,46.9495,-121.2416,40.0,40.0,2025-10-20
United%20States,Washington,contract,8,4,47.4365,-122.3122,75.0,100.0,2025-10-20
United%20States,Washington,large,6,1,47.588,-122.3233,100.0,100.0,2025-10-20
United%20States,Washington,taproom,6,3,47.6152,-122.3318,100.0,100.0,2025-10-20
United%20States,Washington,proprietor,4,2,47.3178,-122.6275,100.0,100.0,2025-10-20
United%20States,Washington,location,2,1,48.7486,-122.4855,100.0,100.0,2025-10-20
United%20States,West%20Virginia,micro,42,18,38.8612,-80.0733,100.0,95.24,2025-10-20
United%20States,West%20Virginia,brewpub,26,12,38.987,-80.0945,100.0,100.0,2025-10-20
United%20States,West%20Virginia,closed,6,3,39.6743,-79.2922,66.67,66.67,2025-10-20
United%20States,West%20Virginia,nano,2,1,38.3777,-81.6154,100.0,100.0,2025-10-20
United%20States,West%20Virginia,planning,2,1,,,0.0,0.0,2025-10-20
United%20States,West%20Virginia,proprietor,2,1,39.6362,-79.9618,100.0,100.0,2025-10-20
United%20States,Wisconsin,micro,198,65,42.7333,-89.1146,84.85,98.99,2025-10-20
United%20States,Wisconsin,brewpub,152,55,43.8976,-89.2477,78.95,100.0,2025-10-20
United%20States,Wisconsin,contract,28,13,43.8731,-89.5432,64.29,92.86,2025-10-20
United%20States,Wisconsin,closed,20,7,43.3783,-89.1705,80.0,90.0,2025-10-20
United%20States,Wisconsin,planning,18,9,45.5022,-91.7323,11.11,0.0,2025-10-20
United%20States,Wisconsin,regional,18,9,43.3782,-89.5183,100.0,100.0,2025-10-20
United%20States,Wisconsin,large,10,3,43.5207,-88.8032,80.0,80.0,2025-10-20
United%20States,Wisconsin,proprietor,4,2,43.0685,-88.125,100.0,100.0,2025-10-20
United%20States,Wisconsin,nano,2,1,44.3342,-88.091,100.0,100.0,2025-10-20
United%20States,Wyoming,micro,48,11,43.0271,-107.0834,95.83,95.83,2025-10-20
United%20States,Wyoming,brewpub,32,13,42.9017,-108.0176,100.0,100.0,2025-10-20
United%20States,Wyoming,closed,12,6,43.2927,-107.5133,83.33,83.33,2025-10-20
United%20States,Wyoming,taproom,10,4,42.3541,-106.5141,100.0,100.0,2025-10-20
United%20States,Wyoming,regional,2,1,43.1653,-111.0383,100.0,100.0,2025-10-20
